state,discoms,debt_rs_crore_2025,payable_days_fy24,payable_days_fy25,source_id
Andhra Pradesh,"APEPDCL, APSPDCL, APCPDCL",77600,105,105,G1
Assam,APDCL,1131,41,62,G1
Bihar,"NBPDCL, SBPDCL",14002,109,97,G1
Chhattisgarh,CSPDCL,5428,108,82,G1
Gujarat,"DGVCL, MGVCL, PGVCL, UGVCL",258,3,4,G1
Haryana,"DHBVNL, UHBVNL",20311,38,46,G1
Himachal Pradesh,HPSEBL,7024,71,80,G1
Jharkhand,JBVNL,22381,420,384,G1
Karnataka,"BESCOM, CHESCOM, GESCOM, HESCOM, MESCOM",47993,177,152,G1
Kerala,KSEBL,17638,95,69,G1
Madhya Pradesh,"MPMaKVVCL, MPPaKVVCL, MPPoKVVCL",49239,211,208,G1
Maharashtra,MSEDCL,90659,104,111,G1
Manipur,MSPDCL,745,76,74,G1
Meghalaya,MePDCL,1474,212,193,G1
Punjab,PSPCL,17411,40,45,G1
Rajasthan,"AVVNL, JdVVNL, JVVNL",98488,63,51,G1
Tamil Nadu,TNPDCL,101782,184,78,G1
Telangana,"TGSPDCL, TGNPDCL",59230,310,295,G1
Tripura,TSECL,0,94,,G1
Uttar Pradesh,"DVVNL, KESCO, MVVNL, PaVVNL, PuVVNL",61395,153,156,G1
Uttarakhand,UPCL,1729,39,61,G1
West Bengal,WBSEDCL,15279,159,172,G1
